MatrixSize,Tempo Médio (s)
256,0.0824667
512,0.574467
1024,4.50377
2048,36.0703
